-- 人才匹配資料庫管理系統：模擬資料
-- Execute after schema.sql.

INSERT INTO company VALUES
('co001','智造科技股份有限公司','智慧製造','台中市','04-2200-1001','https://smart-mfg.example'),
('co002','康健醫療資訊','醫療資訊','台北市','02-2700-2002','https://health-it.example'),
('co003','雲端人才顧問','HR Tech','高雄市','07-3300-3003','https://hrcloud.example');

INSERT INTO recruiter VALUES
('r001','co001','林怡君','HR Manager','hr1@example.com','0911-111-001'),
('r002','co002','陳柏宇','Recruiter','hr2@example.com','0911-111-002'),
('r003','co003','張雅婷','Talent Consultant','hr3@example.com','0911-111-003');

INSERT INTO candidate VALUES
('ca001','王小婷','F',24,'大學',2.0,'台中市','ting@example.com','0988-001-001','Open'),
('ca002','李俊宏','M',31,'碩士',6.0,'台北市','john@example.com','0988-001-002','Open'),
('ca003','陳怡安','F',27,'大學',3.5,'高雄市','annie@example.com','0988-001-003','Interviewing'),
('ca004','林志明','M',29,'大學',4.0,'台中市','ming@example.com','0988-001-004','Open'),
('ca005','黃雅雯','F',35,'碩士',8.0,'台北市','wen@example.com','0988-001-005','Hired'),
('ca006','張凱文','M',23,'大學',1.0,'台南市','kevin@example.com','0988-001-006','Open');

INSERT INTO skill VALUES
('sk001','Python','Programming','1-5'),
('sk002','SQL','Data','1-5'),
('sk003','Power BI','BI','1-5'),
('sk004','Machine Learning','AI','1-5'),
('sk005','Clinical Workflow','Healthcare','1-5'),
('sk006','Project Management','Management','1-5'),
('sk007','Communication','Soft Skill','1-5');

INSERT INTO job_position VALUES
('j001','co001','r001','資料分析工程師','Full-time','台中市',42000,65000,'Open','2025-05-01'),
('j002','co002','r002','醫療資訊專員','Full-time','台北市',45000,70000,'Open','2025-05-03'),
('j003','co003','r003','AI 人才媒合顧問','Full-time','高雄市',50000,78000,'Open','2025-05-08'),
('j004','co001','r001','BI 報表工程師','Contract','台中市',38000,58000,'Closed','2025-04-20'),
('j005','co002','r002','資料治理助理','Full-time','台北市',36000,52000,'Open','2025-05-12');

INSERT INTO candidate_skill VALUES
('ca001','sk001',4,2.0),('ca001','sk002',4,2.0),('ca001','sk003',3,1.0),
('ca002','sk001',5,5.0),('ca002','sk002',5,6.0),('ca002','sk004',4,3.0),('ca002','sk006',3,2.0),
('ca003','sk002',4,3.0),('ca003','sk005',5,3.5),('ca003','sk007',4,4.0),
('ca004','sk001',3,2.0),('ca004','sk002',4,3.0),('ca004','sk003',4,2.0),
('ca005','sk005',5,6.0),('ca005','sk006',5,5.0),('ca005','sk007',5,8.0),
('ca006','sk001',3,1.0),('ca006','sk007',4,2.0);

INSERT INTO job_skill VALUES
('j001','sk001',4,0.35,1),('j001','sk002',4,0.35,1),('j001','sk003',3,0.20,0),('j001','sk007',3,0.10,0),
('j002','sk002',4,0.30,1),('j002','sk005',4,0.40,1),('j002','sk007',3,0.15,0),('j002','sk006',3,0.15,0),
('j003','sk001',4,0.25,1),('j003','sk004',4,0.35,1),('j003','sk006',4,0.25,0),('j003','sk007',4,0.15,0),
('j004','sk002',4,0.40,1),('j004','sk003',4,0.40,1),('j004','sk007',3,0.20,0),
('j005','sk002',3,0.45,1),('j005','sk006',3,0.25,0);

INSERT INTO application VALUES
('a001','j001','ca001','2025-05-10','Screening'),
('a002','j001','ca002','2025-05-11','Interview'),
('a003','j002','ca003','2025-05-12','Interview'),
('a004','j003','ca002','2025-05-13','Screening'),
('a005','j003','ca005','2025-05-13','Rejected'),
('a006','j004','ca004','2025-05-14','Screening'),
('a007','j002','ca005','2025-05-15','Offer'),
('a008','j005','ca003','2025-05-16','Screening'),
('a009','j001','ca004','2025-05-16','Screening'),
('a010','j005','ca006','2025-05-17','Applied');

INSERT INTO match_score VALUES
('m001','a001',82,70,100,82,'High','2025-05-10 10:00:00'),
('m002','a002',95,95,70,88,'High','2025-05-11 11:00:00'),
('m003','a003',88,78,100,89,'High','2025-05-12 13:00:00'),
('m004','a004',90,85,60,82,'High','2025-05-13 09:30:00'),
('m005','a005',70,92,100,84,'High','2025-05-13 10:10:00'),
('m006','a006',86,80,100,88,'High','2025-05-14 14:00:00'),
('m007','a007',92,95,100,96,'Top','2025-05-15 09:00:00'),
('m008','a008',75,75,60,70,'Medium','2025-05-16 10:20:00'),
('m009','a009',80,78,100,84,'High','2025-05-16 11:30:00');

INSERT INTO interview VALUES
('i001','a002','r001','2025-05-18 10:00:00','First Round','Pass','資料能力佳，進入二面'),
('i002','a003','r002','2025-05-18 14:00:00','First Round','Pass','熟悉醫療流程'),
('i003','a005','r003','2025-05-19 15:00:00','First Round','Reject','AI 實作經驗不足'),
('i004','a007','r002','2025-05-20 11:00:00','Final Round','Offer','符合醫療資訊主管期待'),
('i005','a006','r001','2025-05-21 16:00:00','First Round','Pending','等待作品集補件');
