-- 中醫診所門診資料庫管理系統：模擬資料
-- Execute after schema.sql.

INSERT INTO clinic VALUES
('cl001','仁心中醫診所','台中市','台中市南屯區公益路100號','04-2255-1001','09:00:00','21:30:00'),
('cl002','和安中醫診所','台北市','台北市中正區信義路二段20號','02-2388-1002','08:30:00','22:00:00');

INSERT INTO staff VALUES
('st001','cl001','林柏均','Physician','TCM-001','針灸、筋骨傷科','2020-08-01',1),
('st002','cl001','陳怡君','Physician','TCM-002','內科、睡眠調理','2021-03-15',1),
('st003','cl001','王雅婷','Front Desk',NULL,'掛號與收費','2022-01-10',1),
('st004','cl001','張明哲','Pharmacist','PHA-001','藥材調劑','2019-11-01',1),
('st005','cl002','黃士豪','Physician','TCM-003','婦科、腸胃調理','2020-05-20',1),
('st006','cl002','李佳蓉','Nurse',NULL,'護理與衛教','2023-02-01',1);

INSERT INTO clinic_schedule VALUES
('sch001','cl001','st001','2025-05-19','Morning','09:00:00','12:00:00','A101'),
('sch002','cl001','st002','2025-05-19','Evening','18:00:00','21:30:00','A102'),
('sch003','cl001','st001','2025-05-20','Morning','09:00:00','12:00:00','A101'),
('sch004','cl002','st005','2025-05-20','Afternoon','14:00:00','17:00:00','B201'),
('sch005','cl002','st005','2025-05-21','Evening','18:00:00','22:00:00','B202'),
('sch006','cl001','st002','2025-05-21','Morning','09:00:00','12:00:00','A102');

INSERT INTO patient VALUES
('pt001','王小明','M','1982-04-12','0911-111-001','台中市南屯區','2025-05-19','健保'),
('pt002','李小華','F','1975-09-02','0911-111-002','台中市西區','2025-05-19','健保'),
('pt003','陳大安','M','1955-11-23','0911-111-003','台中市北區','2025-05-20','自費'),
('pt004','林美玲','F','1990-01-15','0911-111-004','台北市中正區','2025-05-20','健保'),
('pt005','張志強','M','1960-07-30','0911-111-005','台北市大安區','2025-05-21','健保'),
('pt006','黃雅雯','F','2001-12-08','0911-111-006','台中市南區','2025-05-21','學生');

INSERT INTO diagnosis_code VALUES
('dx001','腰痛','寒濕痺阻','筋骨傷科','腰部痠痛、活動受限'),
('dx002','失眠','心脾兩虛','內科','入睡困難或淺眠'),
('dx003','肩頸痠痛','氣滯血瘀','筋骨傷科','肩頸緊繃、活動不適'),
('dx004','腸胃不適','脾胃虛弱','內科','腹脹、食慾不佳'),
('dx005','經期不調','肝鬱氣滯','婦科','週期不規則或經前不適');

INSERT INTO treatment_item VALUES
('tr001','針灸治療','Acupuncture',300,1,1),
('tr002','推拿治療','Tuina',500,0,1),
('tr003','科學中藥粉','Herbal Powder',220,1,1),
('tr004','艾灸','Moxibustion',450,0,1),
('tr005','自費調理包','Self-paid Package',1200,0,1);

INSERT INTO appointment VALUES
('ap001','cl001','pt001','st001','sch001','2025-05-19 09:10:00','初診','Completed',1),
('ap002','cl001','pt002','st001','sch001','2025-05-19 09:25:00','回診','Completed',2),
('ap003','cl001','pt003','st002','sch002','2025-05-19 18:30:00','初診','Completed',1),
('ap004','cl001','pt001','st001','sch003','2025-05-20 09:15:00','回診','Completed',1),
('ap005','cl002','pt004','st005','sch004','2025-05-20 14:20:00','初診','Completed',1),
('ap006','cl002','pt005','st005','sch005','2025-05-21 18:40:00','初診','Completed',1),
('ap007','cl001','pt006','st002','sch006','2025-05-21 09:30:00','初診','Cancelled',1),
('ap008','cl001','pt002','st001','sch003','2025-05-20 10:10:00','回診','Completed',2);

INSERT INTO visit_record VALUES
('vr001','ap001','pt001','st001','腰痛三日，久坐後加重','沉緊','舌淡苔白','dx001','建議針灸與熱敷，避免久坐','2025-05-19 09:40:00'),
('vr002','ap002','pt002','st001','肩頸痠痛與手麻','弦澀','舌暗紅','dx003','推拿搭配針灸，觀察一週','2025-05-19 09:55:00'),
('vr003','ap003','pt003','st002','失眠一個月，入睡困難','細弱','舌淡','dx002','中藥調理，睡前避免咖啡因','2025-05-19 19:00:00'),
('vr004','ap004','pt001','st001','腰痛改善但仍痠','沉','舌淡','dx001','續針灸治療','2025-05-20 09:45:00'),
('vr005','ap005','pt004','st005','腹脹與食慾不佳','緩弱','苔白膩','dx004','腸胃調理與飲食衛教','2025-05-20 14:50:00'),
('vr006','ap006','pt005','st005','膝關節痠痛','沉弦','舌淡紅','dx001','針灸與艾灸','2025-05-21 19:05:00'),
('vr007','ap008','pt002','st001','肩頸症狀改善，仍有緊繃','弦','舌暗','dx003','持續推拿與伸展','2025-05-20 10:40:00');

INSERT INTO prescription VALUES
('pr001','vr001','tr001','針灸腰部穴位','1 次',1,'每週 2 次',300),
('pr002','vr001','tr003','獨活寄生湯','每日 3 次',7,'飯後',220),
('pr003','vr002','tr002','肩頸推拿','30 分鐘',1,'本次',500),
('pr004','vr003','tr003','歸脾湯','每日 3 次',7,'飯後',220),
('pr005','vr004','tr001','針灸腰部穴位','1 次',1,'每週 2 次',300),
('pr006','vr005','tr003','香砂六君子湯','每日 3 次',5,'飯後',180),
('pr007','vr005','tr005','腸胃調理包','1 組',1,'睡前',1200),
('pr008','vr006','tr001','針灸膝部穴位','1 次',1,'每週 2 次',300),
('pr009','vr006','tr004','艾灸膝部','20 分鐘',1,'本次',450),
('pr010','vr007','tr002','肩頸推拿','30 分鐘',1,'本次',500);

INSERT INTO payment VALUES
('pay001','ap001','pt001','Cash',150,300,220,0,670,'2025-05-19 10:05:00','Paid'),
('pay002','ap002','pt002','LINE Pay',150,200,180,0,530,'2025-05-19 10:20:00','Paid'),
('pay003','ap003','pt003','Credit Card',150,0,220,0,370,'2025-05-19 19:20:00','Paid'),
('pay004','ap004','pt001','Cash',150,300,0,0,450,'2025-05-20 10:05:00','Paid'),
('pay005','ap005','pt004','Credit Card',150,1200,180,100,1430,'2025-05-20 15:20:00','Paid'),
('pay006','ap006','pt005','LINE Pay',150,750,0,0,900,'2025-05-21 19:30:00','Paid');
